-1, 0, 6.27832, 6.27832, 39.4784, 39.4784
-0.999852, 0.017349, 6.38648, 6.38648, -0.684908, -0.684908
-0.999407, 0.0348437, 6.3846, 6.3846, -1.37551, -1.37551
-0.998667, 0.0523306, 6.38084, 6.38084, -2.0657, -2.0657
-0.99763, 0.0698046, 6.37518, 6.37518, -2.7552, -2.7552
-0.996298, 0.0872605, 6.36763, 6.36763, -3.44375, -3.44375
-0.99467, 0.104693, 6.35819, 6.35819, -4.13108, -4.13108
-0.992747, 0.122097, 6.34687, 6.34687, -4.81692, -4.81692
-0.99053, 0.139468, 6.33368, 6.33368, -5.50101, -5.50101
-0.98802, 0.1568, 6.31861, 6.31861, -6.18308, -6.18308
-0.985216, 0.174088, 6.30167, 6.30167, -6.86285, -6.86285
-0.982121, 0.191327, 6.28286, 6.28286, -7.54008, -7.54008
-0.978734, 0.208512, 6.26221, 6.26221, -8.21449, -8.21449
-0.975058, 0.225638, 6.2397, 6.2397, -8.88582, -8.88582
-0.971093, 0.2427, 6.21536, 6.21536, -9.55381, -9.55381
-0.96684, 0.259692, 6.18918, 6.18918, -10.2182, -10.2182
-0.962301, 0.27661, 6.16119, 6.16119, -10.8787, -10.8787
-0.957477, 0.29345, 6.13138, 6.13138, -11.5351, -11.5351
-0.95237, 0.310205, 6.09978, 6.09978, -12.1872, -12.1872
-0.946981, 0.326871, 6.06639, 6.06639, -12.8346, -12.8346
-0.941312, 0.343443, 6.03123, 6.03123, -13.4772, -13.4772
-0.935365, 0.359916, 5.9943, 5.9943, -14.1146, -14.1146
-0.929142, 0.376286, 5.95563, 5.95563, -14.7467, -14.7467
-0.922644, 0.392547, 5.91523, 5.91523, -15.3732, -15.3732
-0.915875, 0.408696, 5.87311, 5.87311, -15.9939, -15.9939
-0.908834, 0.424726, 5.82929, 5.82929, -16.6085, -16.6085
-0.901527, 0.440635, 5.78379, 5.78379, -17.2168, -17.2168
-0.893953, 0.456416, 5.73662, 5.73662, -17.8186, -17.8186
-0.886116, 0.472066, 5.6878, 5.6878, -18.4137, -18.4137
-0.878019, 0.48758, 5.63735, 5.63735, -19.0018, -19.0018
-0.869664, 0.502953, 5.58529, 5.58529, -19.5827, -19.5827
-0.861053, 0.518182, 5.53164, 5.53164, -20.1562, -20.1562
-0.852189, 0.533261, 5.47642, 5.47642, -20.7222, -20.7222
-0.843075, 0.548188, 5.41965, 5.41965, -21.2803, -21.2803
-0.833714, 0.562956, 5.36134, 5.36134, -21.8305, -21.8305
-0.824109, 0.577563, 5.30153, 5.30153, -22.3726, -22.3726
-0.814263, 0.592004, 5.24024, 5.24024, -22.9062, -22.9062
-0.804178, 0.606274, 5.17748, 5.17748, -23.4314, -23.4314
-0.793859, 0.620371, 5.11329, 5.11329, -23.9478, -23.9478
-0.783309, 0.63429, 5.04768, 5.04768, -24.4553, -24.4553
-0.772529, 0.648028, 4.98068, 4.98068, -24.9538, -24.9538
-0.761525, 0.66158, 4.91231, 4.91231, -25.4432, -25.4432
-0.750299, 0.674943, 4.8426, 4.8426, -25.9231, -25.9231
-0.738856, 0.688113, 4.77158, 4.77158, -26.3936, -26.3936
-0.727197, 0.701087, 4.69927, 4.69927, -26.8544, -26.8544
-0.715328, 0.713861, 4.6257, 4.6257, -27.3054, -27.3054
-0.703252, 0.726431, 4.55089, 4.55089, -27.7465, -27.7465
-0.690972, 0.738795, 4.47487, 4.47487, -28.1776, -28.1776
-0.678492, 0.75095, 4.39767, 4.39767, -28.5986, -28.5986
-0.665817, 0.762891, 4.31932, 4.31932, -29.0093, -29.0093
-0.652949, 0.774615, 4.23984, 4.23984, -29.4096, -29.4096
-0.639894, 0.786121, 4.15927, 4.15927, -29.7994, -29.7994
-0.626654, 0.797405, 4.07762, 4.07762, -30.1787, -30.1787
-0.613234, 0.808463, 3.99494, 3.99494, -30.5474, -30.5474
-0.599639, 0.819293, 3.91125, 3.91125, -30.9053, -30.9053
-0.585871, 0.829893, 3.82658, 3.82658, -31.2524, -31.2524
-0.571936, 0.840259, 3.74096, 3.74096, -31.5886, -31.5886
-0.557837, 0.85039, 3.65441, 3.65441, -31.9139, -31.9139
-0.543579, 0.860282, 3.56698, 3.56698, -32.2281, -32.2281
-0.529166, 0.869934, 3.47868, 3.47868, -32.5314, -32.5314
-0.514602, 0.879343, 3.38955, 3.38955, -32.8235, -32.8235
-0.499892, 0.888506, 3.29963, 3.29963, -33.1045, -33.1045
-0.48504, 0.897422, 3.20893, 3.20893, -33.3743, -33.3743
-0.470051, 0.906088, 3.11749, 3.11749, -33.6329, -33.6329
-0.454928, 0.914503, 3.02535, 3.02535, -33.8803, -33.8803
-0.439676, 0.922664, 2.93252, 2.93252, -34.1164, -34.1164
-0.424301, 0.930571, 2.83905, 2.83905, -34.3413, -34.3413
-0.408805, 0.93822, 2.74497, 2.74497, -34.5549, -34.5549
-0.393194, 0.945611, 2.6503, 2.6503, -34.7572, -34.7572
-0.377473, 0.952741, 2.55507, 2.55507, -34.9483, -34.9483
-0.361645, 0.95961, 2.45932, 2.45932, -35.1281, -35.1281
-0.345715, 0.966216, 2.36308, 2.36308, -35.2967, -35.2967
-0.329689, 0.972558, 2.26638, 2.26638, -35.4541, -35.4541
-0.31357, 0.978634, 2.16925, 2.16925, -35.6002, -35.6002
-0.297363, 0.984444, 2.07171, 2.07171, -35.7352, -35.7352
-0.281072, 0.989986, 1.97381, 1.97381, -35.8591, -35.8591
-0.264703, 0.995259, 1.87556, 1.87556, -35.9719, -35.9719
-0.24826, 1.00026, 1.77701, 1.77701, -36.0737, -36.0737
-0.231748, 1.005, 1.67818, 1.67818, -36.1644, -36.1644
-0.21517, 1.00946, 1.5791, 1.5791, -36.2442, -36.2442
-0.198532, 1.01365, 1.4798, 1.4798, -36.3131, -36.3131
-0.181839, 1.01757, 1.38031, 1.38031, -36.3712, -36.3712
-0.165094, 1.02121, 1.28066, 1.28066, -36.4185, -36.4185
-0.148303, 1.02458, 1.18088, 1.18088, -36.4551, -36.4551
-0.13147, 1.02768, 1.08101, 1.08101, -36.4811, -36.4811
-0.1146, 1.03051, 0.98106, 0.98106, -36.4965, -36.4965
-0.0976966, 1.03306, 0.881069, 0.881069, -36.5015, -36.5015
-0.0807654, 1.03533, 0.781065, 0.781065, -36.4961, -36.4961
-0.0638105, 1.03734, 0.681076, 0.681076, -36.4804, -36.4804
-0.0468365, 1.03907, 0.581129, 0.581129, -36.4545, -36.4545
-0.0298479, 1.04052, 0.481254, 0.481254, -36.4185, -36.4185
-0.0128492, 1.0417, 0.381477, 0.381477, -36.3725, -36.3725
0.00415507, 1.04261, 0.281827, 0.281827, -36.3165, -36.3165
0.0211605, 1.04325, 0.182329, 0.182329, -36.2508, -36.2508
0.0381626, 1.04361, 0.083012, 0.083012, -36.1753, -36.1753
0.055157, 1.0437, -0.0160984, -0.0160984, -36.0902, -36.0902
0.0721393, 1.04352, -0.114976, -0.114976, -35.9956, -35.9956
0.089105, 1.04307, -0.213594, -0.213594, -35.8917, -35.8917
0.10605, 1.04235, -0.311927, -0.311927, -35.7785, -35.7785
0.12297, 1.04136, -0.40995, -0.40995, -35.6561, -35.6561
0.13986, 1.04011, -0.507638, -0.507638, -35.5247, -35.5247
0.156717, 1.03858, -0.604966, -0.604966, -35.3843, -35.3843
0.173535, 1.03679, -0.701909, -0.701909, -35.2352, -35.2352
0.190312, 1.03474, -0.798444, -0.798444, -35.0774, -35.0774
0.207042, 1.03242, -0.894547, -0.894547, -34.911, -34.911
0.223721, 1.02984, -0.990193, -0.990193, -34.7363, -34.7363
0.240346, 1.02699, -1.08536, -1.08536, -34.5532, -34.5532
0.256913, 1.02389, -1.18003, -1.18003, -34.362, -34.362
0.273416, 1.02053, -1.27417, -1.27417, -34.1627, -34.1627
0.289853, 1.01691, -1.36777, -1.36777, -33.9555, -33.9555
0.306219, 1.01303, -1.46079, -1.46079, -33.7405, -33.7405
0.322511, 1.00891, -1.55323, -1.55323, -33.5179, -33.5179
0.338724, 1.00452, -1.64506, -1.64506, -33.2878, -33.2878
0.354855, 0.999892, -1.73626, -1.73626, -33.0503, -33.0503
0.3709, 0.995011, -1.82681, -1.82681, -32.8055, -32.8055
0.386854, 0.989883, -1.91669, -1.91669, -32.5537, -32.5537
0.402715, 0.98451, -2.00588, -2.00588, -32.2948, -32.2948
0.418479, 0.978893, -2.09436, -2.09436, -32.0291, -32.0291
0.434142, 0.973035, -2.18211, -2.18211, -31.7567, -31.7567
0.4497, 0.966937, -2.26911, -2.26911, -31.4778, -31.4778
0.46515, 0.960602, -2.35535, -2.35535, -31.1924, -31.1924
0.480489, 0.954032, -2.44081, -2.44081, -30.9006, -30.9006
0.495712, 0.947229, -2.52547, -2.52547, -30.6027, -30.6027
0.510817, 0.940195, -2.60932, -2.60932, -30.2988, -30.2988
0.5258, 0.932933, -2.69233, -2.69233, -29.989, -29.989
0.540658, 0.925444, -2.77449, -2.77449, -29.6734, -29.6734
0.555387, 0.917731, -2.85578, -2.85578, -29.3522, -29.3522
0.569985, 0.909797, -2.9362, -2.9362, -29.0254, -29.0254
0.584447, 0.901644, -3.01572, -3.01572, -28.6933, -28.6933
0.598772, 0.893274, -3.09433, -3.09433, -28.356, -28.356
0.612955, 0.88469, -3.17202, -3.17202, -28.0136, -28.0136
0.626995, 0.875894, -3.24877, -3.24877, -27.6661, -27.6661
0.640887, 0.86689, -3.32457, -3.32457, -27.3139, -27.3139
0.654629, 0.857679, -3.3994, -3.3994, -26.9569, -26.9569
0.668218, 0.848264, -3.47326, -3.47326, -26.5953, -26.5953
0.681651, 0.838648, -3.54612, -3.54612, -26.2293, -26.2293
0.694925, 0.828835, -3.61798, -3.61798, -25.859, -25.859
0.708039, 0.818825, -3.68883, -3.68883, -25.4844, -25.4844
0.720988, 0.808623, -3.75865, -3.75865, -25.1058, -25.1058
0.73377, 0.798231, -3.82743, -3.82743, -24.7232, -24.7232
0.746383, 0.787652, -3.89517, -3.89517, -24.3367, -24.3367
0.758824, 0.776889, -3.96184, -3.96184, -23.9466, -23.9466
0.771091, 0.765945, -4.02745, -4.02745, -23.5528, -23.5528
0.783181, 0.754823, -4.09198, -4.09198, -23.1556, -23.1556
0.795092, 0.743525, -4.15542, -4.15542, -22.755, -22.755
0.806821, 0.732055, -4.21776, -4.21776, -22.3512, -22.3512
0.818367, 0.720415, -4.279, -4.279, -21.9443, -21.9443
0.829727, 0.70861, -4.33912, -4.33912, -21.5344, -21.5344
0.840898, 0.696641, -4.39812, -4.39812, -21.1216, -21.1216
0.851879, 0.684512, -4.45598, -4.45598, -20.706, -20.706
0.862668, 0.672226, -4.51271, -4.51271, -20.2877, -20.2877
0.873262, 0.659786, -4.56829, -4.56829, -19.8669, -19.8669
0.88366, 0.647196, -4.62272, -4.62272, -19.4436, -19.4436
0.89386, 0.634458, -4.67599, -4.67599, -19.018, -19.018
0.903859, 0.621576, -4.7281, -4.7281, -18.5902, -18.5902
0.913657, 0.608552, -4.77903, -4.77903, -18.1602, -18.1602
0.92325, 0.595391, -4.82878, -4.82878, -17.7282, -17.7282
0.932638, 0.582095, -4.87735, -4.87735, -17.2943, -17.2943
0.941819, 0.568667, -4.92474, -4.92474, -16.8586, -16.8586
0.950791, 0.555112, -4.97092, -4.97092, -16.4212, -16.4212
0.959553, 0.541431, -5.01591, -5.01591, -15.9821, -15.9821
0.968103, 0.527629, -5.0597, -5.0597, -15.5415, -15.5415
0.97644, 0.513708, -5.10228, -5.10228, -15.0995, -15.0995
0.984562, 0.499673, -5.14365, -5.14365, -14.6562, -14.6562
0.992467, 0.485525, -5.1838, -5.1838, -14.2116, -14.2116
1.00016, 0.47127, -5.22274, -5.22274, -13.7659, -13.7659
1.00763, 0.456909, -5.26045, -5.26045, -13.3192, -13.3192
1.01488, 0.442447, -5.29694, -5.29694, -12.8715, -12.8715
1.0219, 0.427887, -5.33221, -5.33221, -12.4229, -12.4229
1.02871, 0.413231, -5.36624, -5.36624, -11.9735, -11.9735
1.03529, 0.398484, -5.39905, -5.39905, -11.5235, -11.5235
1.04165, 0.383649, -5.43062, -5.43062, -11.0728, -11.0728
1.04779, 0.368729, -5.46096, -5.46096, -10.6216, -10.6216
1.0537, 0.353728, -5.49006, -5.49006, -10.17, -10.17
1.05938, 0.338648, -5.51792, -5.51792, -9.71796, -9.71796
1.06483, 0.323494, -5.54454, -5.54454, -9.26568, -9.26568
1.07005, 0.308269, -5.56993, -5.56993, -8.8132, -8.8132
1.07505, 0.292976, -5.59407, -5.59407, -8.3606, -8.3606
1.07981, 0.277618, -5.61698, -5.61698, -7.90795, -7.90795
1.08435, 0.2622, -5.63865, -5.63865, -7.45533, -7.45533
1.08865, 0.246723, -5.65907, -5.65907, -7.00283, -7.00283
1.09272, 0.231193, -5.67826, -5.67826, -6.5505, -6.5505
1.09656, 0.215611, -5.6962, -5.6962, -6.09843, -6.09843
1.10017, 0.199982, -5.71291, -5.71291, -5.64668, -5.64668
1.10355, 0.184309, -5.72838, -5.72838, -5.19533, -5.19533
1.10669, 0.168596, -5.74262, -5.74262, -4.74445, -4.74445
1.10959, 0.152845, -5.75561, -5.75561, -4.29411, -4.29411
1.11227, 0.13706, -5.76738, -5.76738, -3.84437, -3.84437
1.11471, 0.121244, -5.77791, -5.77791, -3.3953, -3.3953
1.11691, 0.105402, -5.78721, -5.78721, -2.94697, -2.94697
1.11888, 0.0895352, -5.79529, -5.79529, -2.49944, -2.49944
1.12062, 0.0736483, -5.80214, -5.80214, -2.05278, -2.05278
1.12212, 0.0577443, -5.80776, -5.80776, -1.60705, -1.60705
1.12339, 0.0418266, -5.81216, -5.81216, -1.16231, -1.16231
1.12442, 0.0258985, -5.81535, -5.81535, -0.718627, -0.718627
1.12522, 0.00996338, -5.81732, -5.81732, -0.27606, -0.27606
1.12578, -0.00597551, -5.81807, -5.81807, 0.16533, 0.16533
1.12611, -0.0219148, -5.81762, -5.81762, 0.605485, 0.605485
1.12621, -0.0378512, -5.81596, -5.81596, 1.04435, 1.04435
1.12607, -0.0537814, -5.8131, -5.8131, 1.48186, 1.48186
1.12571, -0.0697022, -5.80904, -5.80904, 1.91796, 1.91796
1.1251, -0.0856102, -5.80378, -5.80378, 2.35259, 2.35259
1.12427, -0.101502, -5.79734, -5.79734, 2.78571, 2.78571
1.1232, -0.117375, -5.78971, -5.78971, 3.21725, 3.21725
1.12191, -0.133225, -5.78089, -5.78089, 3.64716, 3.64716
1.12038, -0.149049, -5.7709, -5.7709, 4.07539, 4.07539
1.11862, -0.164845, -5.75973, -5.75973, 4.50188, 4.50188
1.11663, -0.180608, -5.7474, -5.7474, 4.92658, 4.92658
1.11441, -0.196336, -5.7339, -5.7339, 5.34944, 5.34944
1.11197, -0.212025, -5.71925, -5.71925, 5.77041, 5.77041
1.10929, -0.227672, -5.70344, -5.70344, 6.18944, 6.18944
1.10639, -0.243275, -5.68648, -5.68648, 6.60647, 6.60647
1.10327, -0.25883, -5.66838, -5.66838, 7.02147, 7.02147
1.09992, -0.274333, -5.64914, -5.64914, 7.43437, 7.43437
1.09634, -0.289782, -5.62878, -5.62878, 7.84513, 7.84513
1.09254, -0.305174, -5.60728, -5.60728, 8.2537, 8.2537
1.08852, -0.320506, -5.58467, -5.58467, 8.66004, 8.66004
1.08428, -0.335774, -5.56094, -5.56094, 9.0641, 9.0641
1.07982, -0.350975, -5.53611, -5.53611, 9.46583, 9.46583
1.07514, -0.366107, -5.51018, -5.51018, 9.86518, 9.86518
1.07024, -0.381166, -5.48315, -5.48315, 10.2621, 10.2621
1.06512, -0.39615, -5.45503, -5.45503, 10.6566, 10.6566
1.05979, -0.411055, -5.42584, -5.42584, 11.0485, 11.0485
1.05424, -0.425879, -5.39557, -5.39557, 11.4379, 11.4379
1.04849, -0.440619, -5.36423, -5.36423, 11.8247, 11.8247
1.04251, -0.455271, -5.33183, -5.33183, 12.2088, 12.2088
1.03633, -0.469833, -5.29839, -5.29839, 12.5903, 12.5903
1.02994, -0.484302, -5.26389, -5.26389, 12.969, 12.969
1.02334, -0.498675, -5.22836, -5.22836, 13.3449, 13.3449
1.01654, -0.512949, -5.1918, -5.1918, 13.7181, 13.7181
1.00953, -0.527121, -5.15421, -5.15421, 14.0883, 14.0883
1.00231, -0.54119, -5.11562, -5.11562, 14.4557, 14.4557
0.9949, -0.555151, -5.07601, -5.07601, 14.82, 14.82
0.987285, -0.569002, -5.03541, -5.03541, 15.1815, 15.1815
0.979471, -0.582741, -4.99382, -4.99382, 15.5398, 15.5398
0.971461, -0.596364, -4.95124, -4.95124, 15.8951, 15.8951
0.963255, -0.609869, -4.90769, -4.90769, 16.2473, 16.2473
0.954856, -0.623254, -4.86318, -4.86318, 16.5963, 16.5963
0.946265, -0.636516, -4.81771, -4.81771, 16.9421, 16.9421
0.937484, -0.649651, -4.77129, -4.77129, 17.2847, 17.2847
0.928515, -0.662659, -4.72394, -4.72394, 17.624, 17.624
0.91936, -0.675535, -4.67565, -4.67565, 17.96, 17.96
0.910021, -0.688277, -4.62645, -4.62645, 18.2926, 18.2926
0.900498, -0.700884, -4.57633, -4.57633, 18.6218, 18.6218
0.890796, -0.713352, -4.52531, -4.52531, 18.9476, 18.9476
0.880914, -0.725679, -4.4734, -4.4734, 19.2698, 19.2698
0.870856, -0.737862, -4.42061, -4.42061, 19.5886, 19.5886
0.860624, -0.7499, -4.36694, -4.36694, 19.9037, 19.9037
0.850219, -0.76179, -4.31241, -4.31241, 20.2153, 20.2153
0.839644, -0.773529, -4.25702, -4.25702, 20.5232, 20.5232
0.8289, -0.785115, -4.2008, -4.2008, 20.8275, 20.8275
0.81799, -0.796546, -4.14374, -4.14374, 21.128, 21.128
0.806916, -0.807819, -4.08585, -4.08585, 21.4247, 21.4247
0.795681, -0.818933, -4.02715, -4.02715, 21.7176, 21.7176
0.784286, -0.829884, -3.96765, -3.96765, 22.0067, 22.0067
0.772734, -0.840672, -3.90736, -3.90736, 22.2919, 22.2919
0.761026, -0.851294, -3.84629, -3.84629, 22.5731, 22.5731
0.749167, -0.861747, -3.78444, -3.78444, 22.8504, 22.8504
0.737156, -0.872029, -3.72184, -3.72184, 23.1237, 23.1237
0.724998, -0.882139, -3.65849, -3.65849, 23.3929, 23.3929
0.712695, -0.892075, -3.5944, -3.5944, 23.658, 23.658
0.700248, -0.901834, -3.52958, -3.52958, 23.9191, 23.9191
0.687661, -0.911414, -3.46405, -3.46405, 24.1759, 24.1759
0.674935, -0.920814, -3.39781, -3.39781, 24.4285, 24.4285
0.662074, -0.930031, -3.33088, -3.33088, 24.6769, 24.6769
0.64908, -0.939064, -3.26328, -3.26328, 24.921, 24.921
0.635955, -0.947911, -3.195, -3.195, 25.1607, 25.1607
0.622702, -0.95657, -3.12607, -3.12607, 25.3961, 25.3961
0.609324, -0.965039, -3.05649, -3.05649, 25.6271, 25.6271
0.595823, -0.973317, -2.98628, -2.98628, 25.8536, 25.8536
0.582202, -0.981402, -2.91545, -2.91545, 26.0757, 26.0757
0.568463, -0.989291, -2.844, -2.844, 26.2932, 26.2932
0.55461, -0.996984, -2.77197, -2.77197, 26.5061, 26.5061
0.540645, -1.00448, -2.69935, -2.69935, 26.7145, 26.7145
0.52657, -1.01177, -2.62616, -2.62616, 26.9182, 26.9182
0.512389, -1.01887, -2.55241, -2.55241, 27.1172, 27.1172
0.498104, -1.02576, -2.47812, -2.47812, 27.3115, 27.3115
0.483718, -1.03245, -2.40329, -2.40329, 27.501, 27.501
0.469234, -1.03893, -2.32795, -2.32795, 27.6857, 27.6857
0.454654, -1.0452, -2.25209, -2.25209, 27.8655, 27.8655
0.439983, -1.05127, -2.17575, -2.17575, 28.0405, 28.0405
0.425221, -1.05712, -2.09893, -2.09893, 28.2105, 28.2105
0.410373, -1.06277, -2.02164, -2.02164, 28.3756, 28.3756
0.395442, -1.0682, -1.9439, -1.9439, 28.5357, 28.5357
0.380429, -1.07342, -1.86572, -1.86572, 28.6908, 28.6908
0.365339, -1.07842, -1.78711, -1.78711, 28.8407, 28.8407
0.350174, -1.08321, -1.7081, -1.7081, 28.9856, 28.9856
0.334937, -1.08778, -1.62868, -1.62868, 29.1253, 29.1253
0.319631, -1.09213, -1.54889, -1.54889, 29.2598, 29.2598
0.30426, -1.09627, -1.46872, -1.46872, 29.389, 29.389
0.288826, -1.10018, -1.38821, -1.38821, 29.513, 29.513
0.273332, -1.10387, -1.30735, -1.30735, 29.6317, 29.6317
0.257781, -1.10734, -1.22617, -1.22617, 29.745, 29.745
0.242177, -1.11059, -1.14467, -1.14467, 29.853, 29.853
0.226522, -1.11362, -1.06288, -1.06288, 29.9555, 29.9555
0.210821, -1.11642, -0.980814, -0.980814, 30.0526, 30.0526
0.195075, -1.11899, -0.898478, -0.898478, 30.1442, 30.1442
0.179288, -1.12134, -0.815891, -0.815891, 30.2303, 30.2303
0.163463, -1.12346, -0.733069, -0.733069, 30.3108, 30.3108
0.147603, -1.12536, -0.650025, -0.650025, 30.3857, 30.3857
0.131712, -1.12702, -0.566777, -0.566777, 30.4549, 30.4549
0.115793, -1.12846, -0.483339, -0.483339, 30.5185, 30.5185
0.0998483, -1.12967, -0.399726, -0.399726, 30.5764, 30.5764
0.0838819, -1.13065, -0.315955, -0.315955, 30.6286, 30.6286
0.0678968, -1.1314, -0.232041, -0.232041, 30.675, 30.675
0.0518963, -1.13192, -0.148, -0.148, 30.7156, 30.7156
0.0358836, -1.13221, -0.063848, -0.063848, 30.7504, 30.7504
0.019862, -1.13227, 0.0203995, 0.0203995, 30.7793, 30.7793
0.00383468, -1.1321, 0.104726, 0.104726, 30.8023, 30.8023
-0.0121951, -1.1317, 0.189116, 0.189116, 30.8193, 30.8193
-0.0282239, -1.13106, 0.273553, 0.273553, 30.8305, 30.8305
-0.0442487, -1.1302, 0.35802, 0.35802, 30.8356, 30.8356
-0.060266, -1.1291, 0.442501, 0.442501, 30.8347, 30.8347
-0.0762727, -1.12777, 0.526979, 0.526979, 30.8278, 30.8278
-0.0922653, -1.12621, 0.611439, 0.611439, 30.8148, 30.8148
-0.108241, -1.12442, 0.695863, 0.695863, 30.7958, 30.7958
-0.124195, -1.1224, 0.780235, 0.780235, 30.7706, 30.7706
-0.140126, -1.12015, 0.864538, 0.864538, 30.7392, 30.7392
-0.15603, -1.11766, 0.948755, 0.948755, 30.7017, 30.7017
-0.171903, -1.11495, 1.03287, 1.03287, 30.658, 30.658
-0.187742, -1.11201, 1.11686, 1.11686, 30.6081, 30.6081
-0.203544, -1.10883, 1.20072, 1.20072, 30.552, 30.552
-0.219306, -1.10543, 1.28443, 1.28443, 30.4896, 30.4896
-0.235024, -1.10179, 1.36796, 1.36796, 30.421, 30.421
-0.250695, -1.09793, 1.4513, 1.4513, 30.346, 30.346
-0.266315, -1.09384, 1.53444, 1.53444, 30.2648, 30.2648
-0.281882, -1.08952, 1.61736, 1.61736, 30.1772, 30.1772
-0.297392, -1.08498, 1.70004, 1.70004, 30.0833, 30.0833
-0.312842, -1.08021, 1.78246, 1.78246, 29.983, 29.983
-0.328228, -1.07521, 1.8646, 1.8646, 29.8764, 29.8764
-0.343547, -1.06999, 1.94646, 1.94646, 29.7634, 29.7634
-0.358796, -1.06455, 2.028, 2.028, 29.6441, 29.6441
-0.373972, -1.05888, 2.10922, 2.10922, 29.5183, 29.5183
-0.389071, -1.05299, 2.19009, 2.19009, 29.3862, 29.3862
-0.404091, -1.04688, 2.2706, 2.2706, 29.2476, 29.2476
-0.419027, -1.04055, 2.35073, 2.35073, 29.1026, 29.1026
-0.433877, -1.034, 2.43046, 2.43046, 28.9513, 28.9513
-0.448637, -1.02723, 2.50978, 2.50978, 28.7935, 28.7935
-0.463305, -1.02025, 2.58867, 2.58867, 28.6293, 28.6293
-0.477876, -1.01305, 2.6671, 2.6671, 28.4587, 28.4587
-0.492349, -1.00563, 2.74507, 2.74507, 28.2817, 28.2817
-0.506719, -0.998007, 2.82256, 2.82256, 28.0983, 28.0983
-0.520983, -0.990169, 2.89954, 2.89954, 27.9085, 27.9085
-0.535139, -0.98212, 2.976, 2.976, 27.7123, 27.7123
-0.549183, -0.973863, 3.05193, 3.05193, 27.5098, 27.5098
-0.563112, -0.965398, 3.12729, 3.12729, 27.3009, 27.3009
-0.576923, -0.956728, 3.20209, 3.20209, 27.0856, 27.0856
-0.590613, -0.947853, 3.2763, 3.2763, 26.864, 26.864
-0.604179, -0.938776, 3.3499, 3.3499, 26.6361, 26.6361
-0.617618, -0.929498, 3.42287, 3.42287, 26.4019, 26.4019
-0.630927, -0.920022, 3.49521, 3.49521, 26.1614, 26.1614
-0.644102, -0.910348, 3.56688, 3.56688, 25.9147, 25.9147
-0.657142, -0.900478, 3.63788, 3.63788, 25.6617, 25.6617
-0.670042, -0.890415, 3.70819, 3.70819, 25.4026, 25.4026
-0.6828, -0.88016, 3.77778, 3.77778, 25.1372, 25.1372
-0.695413, -0.869716, 3.84665, 3.84665, 24.8658, 24.8658
-0.707879, -0.859084, 3.91478, 3.91478, 24.5882, 24.5882
-0.720194, -0.848266, 3.98214, 3.98214, 24.3046, 24.3046
-0.732355, -0.837265, 4.04873, 4.04873, 24.0149, 24.0149
-0.74436, -0.826082, 4.11453, 4.11453, 23.7192, 23.7192
-0.756206, -0.81472, 4.17951, 4.17951, 23.4176, 23.4176
-0.76789, -0.803182, 4.24367, 4.24367, 23.1101, 23.1101
-0.77941, -0.791469, 4.30698, 4.30698, 22.7967, 22.7967
-0.790762, -0.779583, 4.36944, 4.36944, 22.4775, 22.4775
-0.801945, -0.767528, 4.43102, 4.43102, 22.1526, 22.1526
-0.812955, -0.755305, 4.49171, 4.49171, 21.8219, 21.8219
-0.823791, -0.742917, 4.5515, 4.5515, 21.4856, 21.4856
-0.834448, -0.730366, 4.61036, 4.61036, 21.1437, 21.1437
-0.844926, -0.717656, 4.66829, 4.66829, 20.7963, 20.7963
-0.855221, -0.704788, 4.72527, 4.72527, 20.4434, 20.4434
-0.865331, -0.691765, 4.78128, 4.78128, 20.085, 20.085
-0.875254, -0.67859, 4.83631, 4.83631, 19.7214, 19.7214
-0.884987, -0.665266, 4.89034, 4.89034, 19.3525, 19.3525
-0.894528, -0.651796, 4.94336, 4.94336, 18.9783, 18.9783
-0.903874, -0.638181, 4.99535, 4.99535, 18.5991, 18.5991
-0.913024, -0.624425, 5.04631, 5.04631, 18.2148, 18.2148
-0.921975, -0.610531, 5.09621, 5.09621, 17.8255, 17.8255
-0.930725, -0.596502, 5.14505, 5.14505, 17.4313, 17.4313
-0.939272, -0.582341, 5.19281, 5.19281, 17.0324, 17.0324
-0.947614, -0.56805, 5.23947, 5.23947, 16.6287, 16.6287
-0.955748, -0.553633, 5.28503, 5.28503, 16.2204, 16.2204
-0.963674, -0.539092, 5.32947, 5.32947, 15.8075, 15.8075
-0.971388, -0.524432, 5.37278, 5.37278, 15.3902, 15.3902
-0.978889, -0.509654, 5.41494, 5.41494, 14.9686, 14.9686
-0.986175, -0.494762, 5.45595, 5.45595, 14.5426, 14.5426
-0.993245, -0.47976, 5.49579, 5.49579, 14.1126, 14.1126
-1.0001, -0.46465, 5.53446, 5.53446, 13.6784, 13.6784
-1.00673, -0.449436, 5.57193, 5.57193, 13.2404, 13.2404
-1.01314, -0.434121, 5.60821, 5.60821, 12.7984, 12.7984
-1.01932, -0.418708, 5.64327, 5.64327, 12.3528, 12.3528
-1.02528, -0.4032, 5.67712, 5.67712, 11.9035, 11.9035
-1.03102, -0.387602, 5.70973, 5.70973, 11.4506, 11.4506
-1.03652, -0.371916, 5.7411, 5.7411, 10.9944, 10.9944
-1.0418, -0.356145, 5.77122, 5.77122, 10.5349, 10.5349
-1.04685, -0.340294, 5.80008, 5.80008, 10.0723, 10.0723
-1.05166, -0.324366, 5.82768, 5.82768, 9.60656, 9.60656
-1.05624, -0.308364, 5.854, 5.854, 9.13793, 9.13793
-1.06059, -0.292291, 5.87903, 5.87903, 8.66649, 8.66649
-1.0647, -0.276151, 5.90278, 5.90278, 8.19238, 8.19238
-1.06858, -0.259949, 5.92522, 5.92522, 7.71573, 7.71573
-1.07221, -0.243686, 5.94636, 5.94636, 7.23665, 7.23665
-1.07561, -0.227368, 5.96619, 5.96619, 6.75529, 6.75529
-1.07877, -0.210997, 5.9847, 5.9847, 6.27177, 6.27177
-1.08169, -0.194577, 6.00188, 6.00188, 5.78623, 5.78623
-1.08437, -0.178111, 6.01773, 6.01773, 5.2988, 5.2988
-1.08681, -0.161605, 6.03225, 6.03225, 4.80962, 4.80962
-1.089, -0.14506, 6.04543, 6.04543, 4.31884, 4.31884
-1.09095, -0.128481, 6.05726, 6.05726, 3.82658, 3.82658
-1.09266, -0.111871, 6.06774, 6.06774, 3.33299, 3.33299
-1.09412, -0.0952348, 6.07687, 6.07687, 2.8382, 2.8382
-1.09534, -0.0785752, 6.08465, 6.08465, 2.34238, 2.34238
-1.09631, -0.0618961, 6.09107, 6.09107, 1.84564, 1.84564
-1.09704, -0.0452014, 6.09612, 6.09612, 1.34815, 1.34815
-1.09752, -0.0284946, 6.09982, 6.09982, 0.850046, 0.850046
-1.09776, -0.0117796, 6.10215, 6.10215, 0.351473, 0.351473
-1.09775, 0.00493996, 6.10311, 6.10311, -0.147421, -0.147421
-1.0975, 0.0216603, 6.10271, 6.10271, -0.646488, -0.646488
-1.097, 0.0383776, 6.10093, 6.10093, -1.14558, -1.14558
-1.09625, 0.0550882, 6.0978, 6.0978, -1.64455, -1.64455
-1.09526, 0.0717883, 6.09329, 6.09329, -2.14324, -2.14324
-1.09402, 0.0884742, 6.08742, 6.08742, -2.64152, -2.64152
-1.09254, 0.105142, 6.08018, 6.08018, -3.13922, -3.13922
-1.09081, 0.121788, 6.07158, 6.07158, -3.63621, -3.63621
-1.08884, 0.138409, 6.06162, 6.06162, -4.13232, -4.13232
-1.08662, 0.155001, 6.0503, 6.0503, -4.62742, -4.62742
-1.08416, 0.17156, 6.03762, 6.03762, -5.12134, -5.12134
-1.08146, 0.188082, 6.02359, 6.02359, -5.61395, -5.61395
-1.07851, 0.204564, 6.00821, 6.00821, -6.1051, -6.1051
-1.07532, 0.221002, 5.99148, 5.99148, -6.59462, -6.59462
-1.07189, 0.237392, 5.97341, 5.97341, -7.08239, -7.08239
-1.06822, 0.253731, 5.95401, 5.95401, -7.56825, -7.56825
-1.06431, 0.270015, 5.93327, 5.93327, -8.05204, -8.05204
-1.06016, 0.28624, 5.91121, 5.91121, -8.53364, -8.53364
-1.05578, 0.302403, 5.88783, 5.88783, -9.01289, -9.01289
-1.05115, 0.3185, 5.86314, 5.86314, -9.48964, -9.48964
-1.0463, 0.334528, 5.83714, 5.83714, -9.96376, -9.96376
-1.0412, 0.350483, 5.80984, 5.80984, -10.4351, -10.4351
-1.03588, 0.366361, 5.78126, 5.78126, -10.9035, -10.9035
-1.03032, 0.382159, 5.75138, 5.75138, -11.3689, -11.3689
-1.02453, 0.397874, 5.72023, 5.72023, -11.8311, -11.8311
-1.01851, 0.413501, 5.68782, 5.68782, -12.2899, -12.2899
-1.01227, 0.429038, 5.65415, 5.65415, -12.7453, -12.7453
-1.00579, 0.444481, 5.61923, 5.61923, -13.197, -13.197
-0.999095, 0.459827, 5.58308, 5.58308, -13.645, -13.645
-0.992174, 0.475072, 5.54569, 5.54569, -14.0892, -14.0892
-0.985031, 0.490213, 5.50709, 5.50709, -14.5294, -14.5294
-0.977668, 0.505246, 5.46728, 5.46728, -14.9654, -14.9654
-0.970087, 0.520169, 5.42628, 5.42628, -15.3972, -15.3972
-0.96229, 0.534977, 5.3841, 5.3841, -15.8246, -15.8246
-0.954278, 0.549669, 5.34074, 5.34074, -16.2475, -16.2475
-0.946053, 0.56424, 5.29623, 5.29623, -16.6658, -16.6658
-0.937617, 0.578688, 5.25057, 5.25057, -17.0794, -17.0794
-0.928973, 0.593009, 5.20378, 5.20378, -17.4881, -17.4881
-0.920122, 0.6072, 5.15587, 5.15587, -17.8919, -17.8919
-0.911067, 0.621259, 5.10685, 5.10685, -18.2906, -18.2906
-0.901809, 0.635181, 5.05674, 5.05674, -18.6842, -18.6842
-0.892351, 0.648965, 5.00555, 5.00555, -19.0725, -19.0725
-0.882695, 0.662608, 4.95329, 4.95329, -19.4553, -19.4553
-0.872843, 0.676105, 4.89999, 4.89999, -19.8327, -19.8327
-0.862798, 0.689456, 4.84565, 4.84565, -20.2046, -20.2046
-0.852562, 0.702655, 4.7903, 4.7903, -20.5707, -20.5707
-0.842137, 0.715702, 4.73394, 4.73394, -20.9311, -20.9311
-0.831526, 0.728593, 4.67659, 4.67659, -21.2856, -21.2856
-0.820732, 0.741326, 4.61828, 4.61828, -21.6342, -21.6342
-0.809756, 0.753898, 4.55901, 4.55901, -21.9768, -21.9768
-0.798602, 0.766306, 4.4988, 4.4988, -22.3133, -22.3133
-0.787272, 0.778547, 4.43766, 4.43766, -22.6435, -22.6435
-0.775769, 0.79062, 4.37563, 4.37563, -22.9675, -22.9675
-0.764096, 0.802522, 4.3127, 4.3127, -23.2852, -23.2852
-0.752254, 0.814251, 4.24891, 4.24891, -23.5965, -23.5965
-0.740248, 0.825803, 4.18426, 4.18426, -23.9013, -23.9013
-0.72808, 0.837177, 4.11878, 4.11878, -24.1996, -24.1996
-0.715752, 0.84837, 4.05248, 4.05248, -24.4913, -24.4913
-0.703267, 0.859381, 3.98538, 3.98538, -24.7763, -24.7763
-0.690629, 0.870207, 3.9175, 3.9175, -25.0547, -25.0547
-0.67784, 0.880846, 3.84885, 3.84885, -25.3263, -25.3263
-0.664903, 0.891296, 3.77947, 3.77947, -25.591, -25.591
-0.651822, 0.901554, 3.70935, 3.70935, -25.849, -25.849
-0.638599, 0.91162, 3.63853, 3.63853, -26.1, -26.1
-0.625237, 0.92149, 3.56703, 3.56703, -26.3441, -26.3441
-0.611739, 0.931164, 3.49485, 3.49485, -26.5812, -26.5812
-0.598109, 0.940639, 3.42203, 3.42203, -26.8114, -26.8114
-0.584349, 0.949914, 3.34857, 3.34857, -27.0345, -27.0345
-0.570463, 0.958987, 3.2745, 3.2745, -27.2505, -27.2505
-0.556453, 0.967856, 3.19984, 3.19984, -27.4595, -27.4595
-0.542324, 0.976519, 3.12461, 3.12461, -27.6613, -27.6613
-0.528077, 0.984976, 3.04883, 3.04883, -27.856, -27.856
-0.513717, 0.993225, 2.97251, 2.97251, -28.0436, -28.0436
-0.499246, 1.00126, 2.89568, 2.89568, -28.224, -28.224
-0.484668, 1.00909, 2.81835, 2.81835, -28.3973, -28.3973
-0.469986, 1.01671, 2.74055, 2.74055, -28.5633, -28.5633
-0.455204, 1.02411, 2.6623, 2.6623, -28.7222, -28.7222
-0.440324, 1.03129, 2.58361, 2.58361, -28.8739, -28.8739
-0.425349, 1.03826, 2.5045, 2.5045, -29.0184, -29.0184
-0.410284, 1.04502, 2.425, 2.425, -29.1558, -29.1558
-0.395131, 1.05155, 2.34512, 2.34512, -29.286, -29.286
-0.379894, 1.05787, 2.26488, 2.26488, -29.409, -29.409
-0.364576, 1.06396, 2.18431, 2.18431, -29.5248, -29.5248
-0.349181, 1.06983, 2.10342, 2.10342, -29.6335, -29.6335
-0.333711, 1.07549, 2.02223, 2.02223, -29.7351, -29.7351
-0.31817, 1.08091, 1.94077, 1.94077, -29.8296, -29.8296
-0.302562, 1.08612, 1.85904, 1.85904, -29.9169, -29.9169
-0.286889, 1.0911, 1.77708, 1.77708, -29.9973, -29.9973
-0.271155, 1.09586, 1.69489, 1.69489, -30.0705, -30.0705
-0.255364, 1.10039, 1.61251, 1.61251, -30.1368, -30.1368
-0.239519, 1.10469, 1.52994, 1.52994, -30.1961, -30.1961
-0.223623, 1.10877, 1.44721, 1.44721, -30.2484, -30.2484
-0.20768, 1.11262, 1.36434, 1.36434, -30.2938, -30.2938
-0.191692, 1.11625, 1.28134, 1.28134, -30.3324, -30.3324
-0.175664, 1.11964, 1.19824, 1.19824, -30.3641, -30.3641
-0.159598, 1.12281, 1.11505, 1.11505, -30.3889, -30.3889
-0.143498, 1.12575, 1.03179, 1.03179, -30.4071, -30.4071
-0.127368, 1.12846, 0.948486, 0.948486, -30.4185, -30.4185
-0.11121, 1.13095, 0.865148, 0.865148, -30.4232, -30.4232
-0.0950273, 1.13321, 0.781797, 0.781797, -30.4213, -30.4213
-0.0788243, 1.13523, 0.698451, 0.698451, -30.4128, -30.4128
-0.0626039, 1.13703, 0.615128, 0.615128, -30.3978, -30.3978
-0.0463692, 1.1386, 0.531846, 0.531846, -30.3763, -30.3763
-0.0301236, 1.13995, 0.448623, 0.448623, -30.3484, -30.3484
-0.0138703, 1.14106, 0.365477, 0.365477, -30.3141, -30.3141
0.00238735, 1.14195, 0.282425, 0.282425, -30.2735, -30.2735
0.0186461, 1.14261, 0.199484, 0.199484, -30.2267, -30.2267
0.0349029, 1.14304, 0.116671, 0.116671, -30.1736, -30.1736
0.0511543, 1.14325, 0.0340032, 0.0340032, -30.1145, -30.1145
0.0673972, 1.14323, -0.0485022, -0.0485022, -30.0492, -30.0492
0.0836283, 1.14298, -0.130829, -0.130829, -29.9779, -29.9779
0.0998446, 1.14251, -0.21296, -0.21296, -29.9007, -29.9007
0.116043, 1.14182, -0.29488, -0.29488, -29.8176, -29.8176
0.13222, 1.1409, -0.376572, -0.376572, -29.7287, -29.7287
0.148373, 1.13975, -0.45802, -0.45802, -29.634, -29.634
0.164498, 1.13839, -0.539209, -0.539209, -29.5336, -29.5336
0.180593, 1.1368, -0.620123, -0.620123, -29.4276, -29.4276
0.196654, 1.13499, -0.700747, -0.700747, -29.3161, -29.3161
0.212679, 1.13296, -0.781065, -0.781065, -29.1991, -29.1991
0.228664, 1.13071, -0.861063, -0.861063, -29.0767, -29.0767
0.244607, 1.12824, -0.940725, -0.940725, -28.9489, -28.9489
0.260503, 1.12556, -1.02004, -1.02004, -28.8159, -28.8159
0.276352, 1.12265, -1.09898, -1.09898, -28.6777, -28.6777
0.292148, 1.11954, -1.17755, -1.17755, -28.5343, -28.5343
0.307891, 1.1162, -1.25573, -1.25573, -28.3859, -28.3859
0.323575, 1.11266, -1.3335, -1.3335, -28.2326, -28.2326
0.3392, 1.1089, -1.41085, -1.41085, -28.0743, -28.0743
0.354762, 1.10493, -1.48777, -1.48777, -27.9112, -27.9112
0.370258, 1.10074, -1.56423, -1.56423, -27.7434, -27.7434
0.385685, 1.09635, -1.64024, -1.64024, -27.5708, -27.5708
0.401041, 1.09176, -1.71578, -1.71578, -27.3937, -27.3937
0.416322, 1.08695, -1.79083, -1.79083, -27.2121, -27.2121
0.431527, 1.08195, -1.86538, -1.86538, -27.026, -27.026
0.446652, 1.07673, -1.93943, -1.93943, -26.8355, -26.8355
0.461695, 1.07132, -2.01295, -2.01295, -26.6407, -26.6407
0.476653, 1.0657, -2.08594, -2.08594, -26.4417, -26.4417
0.491523, 1.05989, -2.15838, -2.15838, -26.2385, -26.2385
0.506304, 1.05388, -2.23027, -2.23027, -26.0313, -26.0313
0.520992, 1.04767, -2.30159, -2.30159, -25.8201, -25.8201
0.535585, 1.04127, -2.37233, -2.37233, -25.6049, -25.6049
0.55008, 1.03467, -2.44248, -2.44248, -25.3859, -25.3859
0.564475, 1.02788, -2.51203, -2.51203, -25.1632, -25.1632
0.578767, 1.02091, -2.58097, -2.58097, -24.9367, -24.9367
0.592955, 1.01374, -2.64929, -2.64929, -24.7066, -24.7066
0.607035, 1.00639, -2.71698, -2.71698, -24.473, -24.473
0.621006, 0.998857, -2.78403, -2.78403, -24.2359, -24.2359
0.634865, 0.991138, -2.85043, -2.85043, -23.9954, -23.9954
0.648609, 0.983239, -2.91617, -2.91617, -23.7515, -23.7515
0.662237, 0.97516, -2.98124, -2.98124, -23.5044, -23.5044
0.675747, 0.966904, -3.04564, -3.04564, -23.2542, -23.2542
0.689135, 0.958473, -3.10935, -3.10935, -23.0008, -23.0008
0.7024, 0.949868, -3.17236, -3.17236, -22.7444, -22.7444
0.715541, 0.941091, -3.23467, -3.23467, -22.485, -22.485
0.728553, 0.932144, -3.29628, -3.29628, -22.2228, -22.2228
0.741437, 0.92303, -3.35716, -3.35716, -21.9577, -21.9577
0.754189, 0.91375, -3.41732, -3.41732, -21.6899, -21.6899
0.766808, 0.904306, -3.47674, -3.47674, -21.4194, -21.4194
0.779291, 0.8947, -3.53543, -3.53543, -21.1463, -21.1463
0.791637, 0.884935, -3.59336, -3.59336, -20.8706, -20.8706
0.803844, 0.875012, -3.65054, -3.65054, -20.5925, -20.5925
0.81591, 0.864933, -3.70696, -3.70696, -20.312, -20.312
0.827833, 0.854701, -3.76261, -3.76261, -20.0291, -20.0291
0.839611, 0.844317, -3.81748, -3.81748, -19.744, -19.744
0.851243, 0.833784, -3.87158, -3.87158, -19.4566, -19.4566
0.862727, 0.823104, -3.92488, -3.92488, -19.1672, -19.1672
0.87406, 0.812279, -3.97739, -3.97739, -18.8756, -18.8756
0.885242, 0.801311, -4.02911, -4.02911, -18.5821, -18.5821
0.896271, 0.790203, -4.08002, -4.08002, -18.2866, -18.2866
0.907145, 0.778956, -4.13012, -4.13012, -17.9892, -17.9892
0.917862, 0.767573, -4.1794, -4.1794, -17.6901, -17.6901
0.928421, 0.756056, -4.22787, -4.22787, -17.3891, -17.3891
0.938821, 0.744408, -4.27551, -4.27551, -17.0865, -17.0865
0.94906, 0.73263, -4.32232, -4.32232, -16.7823, -16.7823
0.959136, 0.720725, -4.3683, -4.3683, -16.4764, -16.4764
0.969048, 0.708695, -4.41344, -4.41344, -16.1691, -16.1691
0.978795, 0.696543, -4.45774, -4.45774, -15.8603, -15.8603
0.988376, 0.68427, -4.5012, -4.5012, -15.5502, -15.5502
0.997788, 0.67188, -4.5438, -4.5438, -15.2387, -15.2387
1.00703, 0.659374, -4.58555, -4.58555, -14.9259, -14.9259
1.0161, 0.646755, -4.62644, -4.62644, -14.6119, -14.6119
1.02501, 0.634025, -4.66647, -4.66647, -14.2967, -14.2967
1.03373, 0.621186, -4.70564, -4.70564, -13.9804, -13.9804
1.04229, 0.608242, -4.74395, -4.74395, -13.6631, -13.6631
1.05067, 0.595193, -4.78138, -4.78138, -13.3448, -13.3448
1.05887, 0.582043, -4.81794, -4.81794, -13.0255, -13.0255
1.0669, 0.568795, -4.85363, -4.85363, -12.7054, -12.7054
1.07474, 0.555449, -4.88844, -4.88844, -12.3843, -12.3843
1.08241, 0.54201, -4.92237, -4.92237, -12.0626, -12.0626
1.0899, 0.528479, -4.95541, -4.95541, -11.74, -11.74
1.0972, 0.514858, -4.98758, -4.98758, -11.4168, -11.4168
1.10433, 0.501151, -5.01886, -5.01886, -11.0929, -11.0929
1.11127, 0.487359, -5.04925, -5.04925, -10.7685, -10.7685
1.11802, 0.473485, -5.07875, -5.07875, -10.4435, -10.4435
1.1246, 0.459531, -5.10736, -5.10736, -10.118, -10.118
1.13098, 0.445501, -5.13508, -5.13508, -9.79209, -9.79209
1.13718, 0.431395, -5.16191, -5.16191, -9.46576, -9.46576
1.1432, 0.417217, -5.18785, -5.18785, -9.13909, -9.13909
1.14902, 0.40297, -5.21288, -5.21288, -8.8121, -8.8121
1.15466, 0.388655, -5.23703, -5.23703, -8.48485, -8.48485
1.16011, 0.374275, -5.26027, -5.26027, -8.15738, -8.15738
1.16537, 0.359833, -5.28262, -5.28262, -7.82974, -7.82974
1.17044, 0.34533, -5.30407, -5.30407, -7.50196, -7.50196
1.17532, 0.33077, -5.32463, -5.32463, -7.1741, -7.1741
1.18, 0.316156, -5.34428, -5.34428, -6.84619, -6.84619
1.1845, 0.301488, -5.36304, -5.36304, -6.51828, -6.51828
1.1888, 0.28677, -5.3809, -5.3809, -6.1904, -6.1904
1.19291, 0.272005, -5.39786, -5.39786, -5.86259, -5.86259
1.19683, 0.257194, -5.41392, -5.41392, -5.53491, -5.53491
1.20056, 0.242341, -5.42908, -5.42908, -5.20737, -5.20737
1.20409, 0.227447, -5.44335, -5.44335, -4.88004, -4.88004
1.20743, 0.212515, -5.45672, -5.45672, -4.55293, -4.55293
1.21057, 0.197548, -5.46919, -5.46919, -4.2261, -4.2261
1.21352, 0.182548, -5.48077, -5.48077, -3.89957, -3.89957
1.21628, 0.167518, -5.49145, -5.49145, -3.57339, -3.57339
1.21884, 0.15246, -5.50125, -5.50125, -3.24759, -3.24759
1.2212, 0.137375, -5.51014, -5.51014, -2.92221, -2.92221
1.22338, 0.122268, -5.51815, -5.51815, -2.59728, -2.59728
1.22535, 0.10714, -5.52526, -5.52526, -2.27284, -2.27284
1.22713, 0.091994, -5.53149, -5.53149, -1.94892, -1.94892
1.22872, 0.0768319, -5.53683, -5.53683, -1.62556, -1.62556
1.23011, 0.0616564, -5.54128, -5.54128, -1.30278, -1.30278
1.2313, 0.0464699, -5.54485, -5.54485, -0.980637, -0.980637
1.2323, 0.0312749, -5.54754, -5.54754, -0.659145, -0.659145
1.23311, 0.0160737, -5.54935, -5.54935, -0.338344, -0.338344
1.23372, 0.000868697, -5.55027, -5.55027, -0.0182632, -0.0182632
1.23414, -0.0143376, -5.55032, -5.55032, 0.301064, 0.301064
1.23436, -0.0295428, -5.5495, -5.5495, 0.619606, 0.619606
1.23438, -0.0447446, -5.5478, -5.5478, 0.937332, 0.937332
1.23422, -0.0599406, -5.54523, -5.54523, 1.25421, 1.25421
1.23386, -0.0751283, -5.5418, -5.5418, 1.57022, 1.57022
1.2333, -0.0903054, -5.53749, -5.53749, 1.88531, 1.88531
1.23255, -0.10547, -5.53233, -5.53233, 2.19947, 2.19947
1.23161, -0.120618, -5.5263, -5.5263, 2.51266, 2.51266
1.23048, -0.135749, -5.51942, -5.51942, 2.82486, 2.82486
1.22915, -0.150861, -5.51168, -5.51168, 3.13604, 3.13604
1.22763, -0.165949, -5.50309, -5.50309, 3.44616, 3.44616
1.22592, -0.181013, -5.49365, -5.49365, 3.7552, 3.7552
1.22402, -0.19605, -5.48336, -5.48336, 4.06314, 4.06314
1.22193, -0.211058, -5.47223, -5.47223, 4.36994, 4.36994
1.21964, -0.226034, -5.46025, -5.46025, 4.67557, 4.67557
1.21717, -0.240976, -5.44744, -5.44744, 4.98002, 4.98002
1.21451, -0.255882, -5.4338, -5.4338, 5.28325, 5.28325
1.21166, -0.270749, -5.41933, -5.41933, 5.58524, 5.58524
1.20862, -0.285576, -5.40402, -5.40402, 5.88595, 5.88595
1.2054, -0.300359, -5.3879, -5.3879, 6.18537, 6.18537
1.20199, -0.315097, -5.37095, -5.37095, 6.48347, 6.48347
1.19839, -0.329788, -5.35319, -5.35319, 6.78022, 6.78022
1.19461, -0.344429, -5.33461, -5.33461, 7.0756, 7.0756
1.19064, -0.359017, -5.31523, -5.31523, 7.36958, 7.36958
1.18649, -0.373552, -5.29504, -5.29504, 7.66213, 7.66213
1.18216, -0.38803, -5.27404, -5.27404, 7.95324, 7.95324
1.17764, -0.40245, -5.25226, -5.25226, 8.24288, 8.24288
1.17294, -0.416809, -5.22967, -5.22967, 8.53101, 8.53101
1.16806, -0.431105, -5.2063, -5.2063, 8.81763, 8.81763
1.163, -0.445335, -5.18214, -5.18214, 9.1027, 9.1027
1.15777, -0.459499, -5.1572, -5.1572, 9.3862, 9.3862
1.15235, -0.473593, -5.13149, -5.13149, 9.6681, 9.6681
1.14676, -0.487615, -5.105, -5.105, 9.94839, 9.94839
1.14099, -0.501564, -5.07774, -5.07774, 10.227, 10.227
1.13505, -0.515438, -5.04972, -5.04972, 10.504, 10.504
1.12893, -0.529233, -5.02095, -5.02095, 10.7793, 10.7793
1.12264, -0.542949, -4.99141, -4.99141, 11.0529, 11.0529
1.11618, -0.556582, -4.96113, -4.96113, 11.3247, 11.3247
1.10954, -0.570132, -4.9301, -4.9301, 11.5948, 11.5948
1.10274, -0.583596, -4.89834, -4.89834, 11.8631, 11.8631
1.09577, -0.596971, -4.86584, -4.86584, 12.1296, 12.1296
1.08863, -0.610257, -4.8326, -4.8326, 12.3943, 12.3943
1.08132, -0.62345, -4.79865, -4.79865, 12.6571, 12.6571
1.07385, -0.63655, -4.76397, -4.76397, 12.918, 12.918
1.06621, -0.649553, -4.72858, -4.72858, 13.1771, 13.1771
1.05841, -0.662459, -4.69248, -4.69248, 13.4342, 13.4342
1.05045, -0.675264, -4.65567, -4.65567, 13.6894, 13.6894
1.04233, -0.687968, -4.61817, -4.61817, 13.9426, 13.9426
1.03405, -0.700568, -4.57997, -4.57997, 14.1938, 14.1938
1.02561, -0.713063, -4.54108, -4.54108, 14.4431, 14.4431
1.01702, -0.72545, -4.50151, -4.50151, 14.6903, 14.6903
1.00827, -0.737728, -4.46126, -4.46126, 14.9354, 14.9354
0.999362, -0.749894, -4.42034, -4.42034, 15.1785, 15.1785
0.990305, -0.761948, -4.37876, -4.37876, 15.4194, 15.4194
0.981097, -0.773887, -4.33651, -4.33651, 15.6583, 15.6583
0.97174, -0.785709, -4.29362, -4.29362, 15.895, 15.895
0.962234, -0.797413, -4.25007, -4.25007, 16.1295, 16.1295
0.952581, -0.808996, -4.20588, -4.20588, 16.3618, 16.3618
0.942783, -0.820458, -4.16105, -4.16105, 16.592, 16.592
0.932841, -0.831795, -4.11559, -4.11559, 16.8199, 16.8199
0.922757, -0.843008, -4.06951, -4.06951, 17.0455, 17.0455
0.912532, -0.854093, -4.02281, -4.02281, 17.2689, 17.2689
0.902167, -0.86505, -3.9755, -3.9755, 17.49, 17.49
0.891665, -0.875876, -3.92758, -3.92758, 17.7087, 17.7087
0.881027, -0.88657, -3.87906, -3.87906, 17.9251, 17.9251
0.870254, -0.89713, -3.82995, -3.82995, 18.1391, 18.1391
0.859349, -0.907555, -3.78026, -3.78026, 18.3508, 18.3508
0.848312, -0.917843, -3.72998, -3.72998, 18.56, 18.56
0.837146, -0.927993, -3.67913, -3.67913, 18.7668, 18.7668
0.825851, -0.938002, -3.62772, -3.62772, 18.9711, 18.9711
0.814431, -0.94787, -3.57574, -3.57574, 19.173, 19.173
0.802885, -0.957594, -3.52321, -3.52321, 19.3723, 19.3723
0.791218, -0.967174, -3.47014, -3.47014, 19.5691, 19.5691
0.779429, -0.976608, -3.41652, -3.41652, 19.7634, 19.7634
0.76752, -0.985894, -3.36238, -3.36238, 19.9551, 19.9551
0.755495, -0.995031, -3.30771, -3.30771, 20.1442, 20.1442
0.743353, -1.00402, -3.25252, -3.25252, 20.3307, 20.3307
0.731098, -1.01285, -3.19681, -3.19681, 20.5146, 20.5146
0.718731, -1.02153, -3.14061, -3.14061, 20.6958, 20.6958
0.706253, -1.03006, -3.08391, -3.08391, 20.8743, 20.8743
0.693667, -1.03843, -3.02672, -3.02672, 21.0501, 21.0501
0.680975, -1.04664, -2.96905, -2.96905, 21.2231, 21.2231
0.668178, -1.0547, -2.9109, -2.9109, 21.3935, 21.3935
0.655278, -1.06259, -2.85229, -2.85229, 21.561, 21.561
0.642277, -1.07033, -2.79322, -2.79322, 21.7257, 21.7257
0.629178, -1.0779, -2.7337, -2.7337, 21.8876, 21.8876
0.615982, -1.08531, -2.67373, -2.67373, 22.0467, 22.0467
0.602691, -1.09255, -2.61333, -2.61333, 22.2029, 22.2029
0.589307, -1.09963, -2.5525, -2.5525, 22.3562, 22.3562
0.575832, -1.10653, -2.49125, -2.49125, 22.5066, 22.5066
